Question,Answer,Actual Answer,Category
Does the website offer Cash on Delivery (COD)?,"No, the website does not currently offer Cash on Delivery (COD) but is considering implementing it in the future.","No, the website does not currently offer Cash on Delivery (COD) but is considering implementing it in the future.",Payment Methods
"What online payment options are available (e.g., Paytm)?",You can pay using PayPal.,"During checkout, you can pay using Visa, Master credit/debit cards, and PayPal.",Payment Methods
What are the available payment methods?,You can pay using PayPal.,You can pay using credit/debit cards and PayPal.,Payment Methods
Are there any limitations on using certain payment methods for specific items or promotions?,There are no limitations on using payment methods for specific items or promotions.,There are no limitations on using payment methods for specific items or promotions.,Payment Methods
How do I apply a discount code during checkout?,Apply discount codes during checkout in the designated field.,Apply discount codes during checkout in the designated field.,Payment Methods
What is the average delivery time?,"The website offers standard delivery (2-3 working days) and next-day delivery. For more information, refer to the delivery and return policy.","The website offers standard delivery (2-3 working days) and next-day delivery. For more information, refer to the delivery and return policy.",Delivery and Shipping
Are there any additional costs like shipping or taxes?,"There are no taxes, but shipping charges apply for delivery.","There are no taxes, but shipping charges apply for delivery.",Delivery and Shipping
Can you estimate when the item will arrive and where it will be shipped from?,Estimated delivery times and shipping origins are provided during checkout.,Estimated delivery times and shipping origins are provided during checkout.,Delivery and Shipping
"Do you offer free shipping, and if so, under what conditions?",Free shipping is available on orders above £20.,Free shipping is available on orders above £20.,Delivery and Shipping
Is delivery available on weekends?,"No, we are closed at weekends. Orders placed on weekends will be processed on the next working day.","No, we are closed at weekends. Orders placed on weekends will be processed on the next working day.",Delivery and Shipping
What is the delivery process for orders placed on weekends or UK bank holidays?,Orders placed on Saturday or Sunday will be processed on the next working day. Please note that we do not operate on all UK bank holidays.,Orders placed on Saturday or Sunday will be processed on the next working day. Please note that we do not operate on all UK bank holidays.,Delivery and Shipping
Is next-day delivery available?,"Yes, next-day delivery is available. Please place your order before 12 pm for next-day delivery.","Yes, next-day delivery is available. Please place your order before 12 pm for next-day delivery.",Delivery and Shipping
What security measures are in place to protect my personal and payment information?,Personal and payment details are encrypted and secure on the website.,Personal and payment details are encrypted and secure on the website.,Security and Privacy
How can I contact customer support if I have a question or issue?,You can contact customer support via email (support@ukmegashop.com) ,You can contact customer support via email (support@ukmegashop.com) or WhatsApp (+447553874777).,Customer Support and Communication
Can I sign up for notifications about upcoming sales or new arrivals?,You can sign up for the New Offers newsletter in the website's footer.,You can sign up for the New Offers newsletter in the website's footer.,Customer Support and Communication
How do I unsubscribe from promotional emails or newsletters?,Unsubscribe from promotional emails via the unsubscribe link in emails or account settings.,Unsubscribe from promotional emails via the unsubscribe link in emails or account settings.,Customer Support and Communication
Can I request personalized messages or make special requests for my order?,"Personalized messages or special requests are available. Please send us a direct message through our support email, WhatsApp, or Live Chat.","Personalized messages or special requests are available. Please send us a direct message through our support email, WhatsApp, or Live Chat.",Customer Support and Communication
Does the website offer branded items for various occasions?,Search for branded items categorized by occasions within the website's product listings.,Search for branded items categorized by occasions within the website's product listings.,Product Information and Availability
Does the website update its offerings to reflect new trends?,Look for new arrivals or trending sections on the website to stay updated on the latest offerings.,Look for new arrivals or trending sections on the website to stay updated on the latest offerings.,Product Information and Availability
Is the item in stock and ready to ship?,Confirm product availability and shipping times during checkout.,Confirm product availability and shipping times during checkout.,Product Information and Availability
How often do you restock popular items currently out of stock?,Check with customer support or product listings for restock information.,Check with customer support or product listings for restock information.,Product Information and Availability
"What are the recommended care instructions for specific products, such as clothing or electronics?",Find recommended care instructions on product pages or packaging.,Find recommended care instructions on product pages or packaging.,Product Information and Availability
"What is the return, refund, and cancellation policy?","Review the website's policies for detailed information on returns, refunds, and cancellations.","Review the website's policies for detailed information on returns, refunds, and cancellations.","Returns, Refunds, and Warranties"
Is there a warranty or guarantee on the products?,"If a product has a guarantee, it is visible under the specification section of each product.","If a product has a guarantee, it is visible under the specification section of each product.","Returns, Refunds, and Warranties"
What is your policy on handling defective products?,"If the product is defective, please contact us with proof for review and assistance.","If the product is defective, please contact us with proof for review and assistance.","Returns, Refunds, and Warranties"
Does the website have any ongoing offers or coupons?,Check the website's homepage or the New Offers section for ongoing promotions or coupon codes.,Check the website's homepage or the New Offers section for ongoing promotions or coupon codes.,Promotions and Discounts
"Can I return an item if it does not meet my expectations, and what is the return window?",Check the return policy for details on returning items within the specified window.,Check the return policy for details on returning items within the specified window.,"Returns, Refunds, and Warranties"
Are there any upcoming sales events or seasonal promotions I should be aware of?,Stay informed about upcoming events through the New Offers page or the newsletter.,Stay informed about upcoming events through the New Offers page or the newsletter.,Promotions and Discounts
Can I review my past orders and reorder from my purchase history?,Access past orders and reorder from the purchase history in the user account section.,Access past orders and reorder from the purchase history in the user account section.,Website Functionality and User Experience
Are there any community forums or user reviews where I can learn more about products?,"While there's no community forum, you can read product descriptions and customer reviews.","While there's no community forum, you can read product descriptions and customer reviews.",Website Functionality and User Experience
