Question,Answer
Does the website offer Cash on Delivery (COD)?,"No, the website does not currently offer Cash on Delivery (COD) but is considering implementing it in the future."
"What online payment options are available (e.g., Paytm)?",You can pay using PayPal.
What are the available payment methods?,You can pay using PayPal.
Are there any limitations on using certain payment methods for specific items or promotions?,There are no limitations on using payment methods for specific items or promotions.
How do I apply a discount code during checkout?,Apply discount codes during checkout in the designated field.
What is the average delivery time?,"The website offers standard delivery (2-3 working days) and next-day delivery. For more information, refer to the delivery and return policy."
Are there any additional costs like shipping or taxes?,"There are no taxes, but shipping charges apply for delivery."
Can you estimate when the item will arrive and where it will be shipped from?,Estimated delivery times and shipping origins are provided during checkout.
"Do you offer free shipping, and if so, under what conditions?",Free shipping is available on orders above Â£20.
"Do you ship internationally, and what are the associated costs and delivery times?",The website does not offer international shipping.
Is delivery available on weekends?,"No, we are closed at weekends. Orders placed on weekends will be processed on the next working day."
What is the delivery process for orders placed on weekends or UK bank holidays?,Orders placed on Saturday or Sunday will be processed on the next working day. Please note that we do not operate on all UK bank holidays.
What are your working days?,Our working days are Monday to Friday from 8 am to 5 pm.
Is next-day delivery available?,"Yes, next-day delivery is available. Please place your order before 12 pm for next-day delivery."
Is the website secure?,"Yes, the website is registered as an LLC and encrypts information end-to-end for security."
What security measures are in place to protect my personal and payment information?,Personal and payment details are encrypted and secure on the website.
How can I contact customer support if I have a question or issue?,You can contact customer support via email (support@ukmegashop.com) 
Can I sign up for notifications about upcoming sales or new arrivals?,You can sign up for the New Offers newsletter in the website's footer.
How do I unsubscribe from promotional emails or newsletters?,Unsubscribe from promotional emails via the unsubscribe link in emails or account settings.
Can I request personalized messages or make special requests for my order?,"Personalized messages or special requests are available. Please send us a direct message through our support email, WhatsApp, or Live Chat."
Does the website offer branded items for various occasions?,Search for branded items categorized by occasions within the website's product listings.
Does the website update its offerings to reflect new trends?,Look for new arrivals or trending sections on the website to stay updated on the latest offerings.
Is the item in stock and ready to ship?,Confirm product availability and shipping times during checkout.
How often do you restock popular items currently out of stock?,Check with customer support or product listings for restock information.
"What are the recommended care instructions for specific products, such as clothing or electronics?",Find recommended care instructions on product pages or packaging.
"What is the return, refund, and cancellation policy?","Review the website's policies for detailed information on returns, refunds, and cancellations."
Is there a warranty or guarantee on the products?,"If a product has a guarantee, it is visible under the specification section of each product."
What is your policy on handling defective products?,"If the product is defective, please contact us with proof for review and assistance."
Does the website have any ongoing offers or coupons?,Check the website's homepage or the New Offers section for ongoing promotions or coupon codes.
"Can I return an item if it does not meet my expectations, and what is the return window?",Check the return policy for details on returning items within the specified window.
Are there any special promotions or discounts for new customers?,New customers can enjoy a 10% discount on their first order.
Are there any upcoming sales events or seasonal promotions I should be aware of?,Stay informed about upcoming events through the New Offers page or the newsletter.
Can I review my past orders and reorder from my purchase history?,Access past orders and reorder from the purchase history in the user account section.
Are there any community forums or user reviews where I can learn more about products?,"While there's no community forum, you can read product descriptions and customer reviews."
Do you have a guest checkout option for quick purchases without creating an account?,"Yes, you can purchase as a guest without creating an account, which is safe."
